trial,stage,status,snr_db,eye_height_mv,eye_width_ps,ber,tx_level,eq_gain,pre_emphasis
0,coarse,FAIL,,,,,64,0,0
1,coarse,FAIL,,,,,64,0,2
2,coarse,FAIL,,,,,64,0,4
3,coarse,FAIL,,,,,64,0,6
4,coarse,FAIL,,,,,64,0,7
5,coarse,FAIL,,,,,64,4,0
6,coarse,FAIL,,,,,64,4,2
7,coarse,FAIL,,,,,64,4,4
8,coarse,FAIL,,,,,64,4,6
9,coarse,FAIL,,,,,64,4,7
10,coarse,FAIL,,,,,64,8,0
11,coarse,PASS,11.625,198.9,40.3,0.0021,64,8,2
12,coarse,PASS,11.533,208.8,40.2,0.0033,64,8,4
13,coarse,FAIL,,,,,64,8,6
14,coarse,FAIL,,,,,64,8,7
15,coarse,FAIL,,,,,64,12,0
16,coarse,FAIL,,,,,64,12,2
17,coarse,FAIL,,,,,64,12,4
18,coarse,FAIL,,,,,64,12,6
19,coarse,FAIL,,,,,64,12,7
20,coarse,FAIL,,,,,64,15,0
21,coarse,FAIL,,,,,64,15,2
22,coarse,FAIL,,,,,64,15,4
23,coarse,FAIL,,,,,64,15,6
24,coarse,FAIL,,,,,64,15,7
25,coarse,FAIL,,,,,96,0,0
26,coarse,FAIL,,,,,96,0,2
27,coarse,FAIL,,,,,96,0,4
28,coarse,FAIL,,,,,96,0,6
29,coarse,FAIL,,,,,96,0,7
30,coarse,FAIL,,,,,96,4,0
31,coarse,PASS,8.036,141.5,26.8,0.3586,96,4,2
32,coarse,FAIL,,,,,96,4,4
33,coarse,FAIL,,,,,96,4,6
34,coarse,FAIL,,,,,96,4,7
35,coarse,OUT_OF_RANGE,6.176,116.2,22.5,0.4506,96,8,0
36,coarse,PASS,13.645,243.9,46.8,0.0,96,8,2
37,coarse,PASS,13.499,237.9,46.2,0.0,96,8,4
38,coarse,OUT_OF_RANGE,6.353,113.6,19.5,0.4453,96,8,6
39,coarse,FAIL,,,,,96,8,7
40,coarse,FAIL,,,,,96,12,0
41,coarse,OUT_OF_RANGE,7.718,146.7,27.5,0.3814,96,12,2
42,coarse,FAIL,,,,,96,12,4
43,coarse,FAIL,,,,,96,12,6
44,coarse,FAIL,,,,,96,12,7
45,coarse,FAIL,,,,,96,15,0
46,coarse,FAIL,,,,,96,15,2
47,coarse,FAIL,,,,,96,15,4
48,coarse,FAIL,,,,,96,15,6
49,coarse,FAIL,,,,,96,15,7
50,coarse,FAIL,,,,,128,0,0
51,coarse,FAIL,,,,,128,0,2
52,coarse,FAIL,,,,,128,0,4
53,coarse,FAIL,,,,,128,0,6
54,coarse,FAIL,,,,,128,0,7
55,coarse,FAIL,,,,,128,4,0
56,coarse,PASS,9.234,165.0,31.9,0.2351,128,4,2
57,coarse,PASS,8.789,160.1,31.2,0.2881,128,4,4
58,coarse,FAIL,,,,,128,4,6
59,coarse,FAIL,,,,,128,4,7
60,coarse,OUT_OF_RANGE,7.665,140.6,27.0,0.3849,128,8,0
61,coarse,PASS,14.61,265.0,51.0,0.0,128,8,2
62,coarse,PASS,14.825,265.9,52.4,0.0,128,8,4
63,coarse,OUT_OF_RANGE,7.648,136.2,25.5,0.386,128,8,6
64,coarse,FAIL,,,,,128,8,7
65,coarse,FAIL,,,,,128,12,0
66,coarse,PASS,9.125,163.5,31.0,0.2489,128,12,2
67,coarse,PASS,9.23,165.8,32.1,0.2357,128,12,4
68,coarse,FAIL,,,,,128,12,6
69,coarse,FAIL,,,,,128,12,7
70,coarse,FAIL,,,,,128,15,0
71,coarse,FAIL,,,,,128,15,2
72,coarse,FAIL,,,,,128,15,4
73,coarse,FAIL,,,,,128,15,6
74,coarse,FAIL,,,,,128,15,7
75,coarse,FAIL,,,,,160,0,0
76,coarse,FAIL,,,,,160,0,2
77,coarse,FAIL,,,,,160,0,4
78,coarse,FAIL,,,,,160,0,6
79,coarse,FAIL,,,,,160,0,7
80,coarse,FAIL,,,,,160,4,0
81,coarse,PASS,9.728,183.3,32.8,0.1687,160,4,2
82,coarse,PASS,10.004,171.8,35.2,0.1303,160,4,4
83,coarse,FAIL,,,,,160,4,6
84,coarse,FAIL,,,,,160,4,7
85,coarse,PASS,8.551,151.4,27.0,0.3131,160,8,0
86,coarse,PASS,15.695,282.7,54.2,0.0,160,8,2
87,coarse,PASS,15.36,284.1,54.8,0.0,160,8,4
88,coarse,PASS,8.365,150.2,27.7,0.3308,160,8,6
89,coarse,FAIL,,,,,160,8,7
90,coarse,FAIL,,,,,160,12,0
91,coarse,PASS,9.943,183.3,33.2,0.1388,160,12,2
92,coarse,PASS,9.896,177.3,35.6,0.1453,160,12,4
93,coarse,FAIL,,,,,160,12,6
94,coarse,FAIL,,,,,160,12,7
95,coarse,FAIL,,,,,160,15,0
96,coarse,FAIL,,,,,160,15,2
97,coarse,FAIL,,,,,160,15,4
98,coarse,FAIL,,,,,160,15,6
99,coarse,FAIL,,,,,160,15,7
100,coarse,FAIL,,,,,192,0,0
101,coarse,FAIL,,,,,192,0,2
102,coarse,FAIL,,,,,192,0,4
103,coarse,FAIL,,,,,192,0,6
104,coarse,FAIL,,,,,192,0,7
105,coarse,FAIL,,,,,192,4,0
106,coarse,PASS,10.169,172.6,34.5,0.1081,192,4,2
107,coarse,PASS,9.954,179.8,36.1,0.1373,192,4,4
108,coarse,FAIL,,,,,192,4,6
109,coarse,FAIL,,,,,192,4,7
110,coarse,PASS,8.365,143.2,29.5,0.3308,192,8,0
111,coarse,PASS,15.56,277.1,54.1,0.0,192,8,2
112,coarse,PASS,15.515,278.0,55.2,0.0,192,8,4
113,coarse,PASS,8.328,151.8,30.0,0.3342,192,8,6
114,coarse,FAIL,,,,,192,8,7
115,coarse,FAIL,,,,,192,12,0
116,coarse,PASS,9.805,186.0,36.3,0.158,192,12,2
117,coarse,PASS,9.696,173.4,34.5,0.1731,192,12,4
118,coarse,FAIL,,,,,192,12,6
119,coarse,FAIL,,,,,192,12,7
120,coarse,FAIL,,,,,192,15,0
121,coarse,FAIL,,,,,192,15,2
122,coarse,FAIL,,,,,192,15,4
123,coarse,FAIL,,,,,192,15,6
124,coarse,FAIL,,,,,192,15,7
125,coarse,FAIL,,,,,224,0,0
126,coarse,FAIL,,,,,224,0,2
127,coarse,FAIL,,,,,224,0,4
128,coarse,FAIL,,,,,224,0,6
129,coarse,FAIL,,,,,224,0,7
130,coarse,FAIL,,,,,224,4,0
131,coarse,PASS,9.443,165.0,33.2,0.2077,224,4,2
132,coarse,PASS,9.169,169.8,33.9,0.2434,224,4,4
133,coarse,FAIL,,,,,224,4,6
134,coarse,FAIL,,,,,224,4,7
135,coarse,OUT_OF_RANGE,7.725,147.0,28.1,0.381,224,8,0
136,coarse,PASS,14.954,277.4,54.2,0.0,224,8,2
137,coarse,PASS,14.989,270.3,52.5,0.0,224,8,4
138,coarse,FAIL,,,,,224,8,6
139,coarse,FAIL,,,,,224,8,7
140,coarse,FAIL,,,,,224,12,0
141,coarse,PASS,9.474,167.5,34.6,0.2036,224,12,2
142,coarse,PASS,9.522,165.5,33.1,0.1971,224,12,4
143,coarse,FAIL,,,,,224,12,6
144,coarse,FAIL,,,,,224,12,7
145,coarse,FAIL,,,,,224,15,0
146,coarse,FAIL,,,,,224,15,2
147,coarse,FAIL,,,,,224,15,4
148,coarse,FAIL,,,,,224,15,6
149,coarse,FAIL,,,,,224,15,7
150,coarse,FAIL,,,,,255,0,0
151,coarse,FAIL,,,,,255,0,2
152,coarse,FAIL,,,,,255,0,4
153,coarse,FAIL,,,,,255,0,6
154,coarse,FAIL,,,,,255,0,7
155,coarse,FAIL,,,,,255,4,0
156,coarse,PASS,8.04,147.6,29.0,0.3583,255,4,2
157,coarse,PASS,8.351,147.6,28.4,0.332,255,4,4
158,coarse,FAIL,,,,,255,4,6
159,coarse,FAIL,,,,,255,4,7
160,coarse,OUT_OF_RANGE,6.777,127.8,22.0,0.4303,255,8,0
161,coarse,PASS,13.797,254.7,48.6,0.0,255,8,2
162,coarse,PASS,13.805,253.3,48.3,0.0,255,8,4
163,coarse,FAIL,,,,,255,8,6
164,coarse,FAIL,,,,,255,8,7
165,coarse,FAIL,,,,,255,12,0
166,coarse,PASS,8.072,147.7,29.7,0.3557,255,12,2
167,coarse,PASS,8.308,151.7,29.2,0.3359,255,12,4
168,coarse,FAIL,,,,,255,12,6
169,coarse,FAIL,,,,,255,12,7
170,coarse,FAIL,,,,,255,15,0
171,coarse,FAIL,,,,,255,15,2
172,coarse,FAIL,,,,,255,15,4
173,coarse,FAIL,,,,,255,15,6
174,coarse,FAIL,,,,,255,15,7
175,medium,PASS,11.271,198.8,39.5,0.0099,148,6,1
176,medium,PASS,13.715,250.8,49.3,0.0,148,6,2
177,medium,PASS,14.911,260.7,51.1,0.0,148,6,3
178,medium,PASS,12.549,228.6,43.0,0.0,148,8,1
179,medium,PASS,15.243,276.1,54.2,0.0,148,8,2
180,medium,PASS,16.026,290.0,56.0,0.0,148,8,3
181,medium,PASS,11.138,205.1,40.0,0.0154,148,10,1
182,medium,PASS,13.944,252.3,48.2,0.0,148,10,2
183,medium,PASS,14.745,267.2,50.5,0.0,148,10,3
184,medium,PASS,11.599,204.5,38.9,0.0024,160,6,1
185,medium,PASS,14.029,248.0,49.6,0.0,160,6,2
186,medium,PASS,15.023,268.0,51.8,0.0,160,6,3
187,medium,PASS,12.771,229.9,44.2,0.0,160,8,1
188,medium,PASS,16.347,296.7,56.9,0.0,160,8,3
189,medium,PASS,11.432,205.2,41.4,0.0052,160,10,1
190,medium,PASS,14.036,256.9,48.8,0.0,160,10,2
191,medium,PASS,15.098,269.0,53.2,0.0,160,10,3
192,medium,PASS,11.67,207.0,40.3,0.0017,172,6,1
193,medium,PASS,14.024,253.7,48.6,0.0,172,6,2
194,medium,PASS,15.092,270.7,54.6,0.0,172,6,3
195,medium,PASS,13.088,236.6,44.7,0.0,172,8,1
196,medium,PASS,15.674,283.6,54.7,0.0,172,8,2
197,medium,PASS,16.297,301.0,57.8,0.0,172,8,3
198,medium,PASS,11.545,204.2,40.4,0.0032,172,10,1
199,medium,PASS,13.996,255.7,48.3,0.0,172,10,2
200,medium,PASS,15.031,270.3,51.6,0.0,172,10,3
201,medium,PASS,11.31,209.2,40.3,0.0085,180,6,1
202,medium,PASS,14.285,253.8,51.2,0.0,180,6,2
203,medium,PASS,15.32,272.5,53.8,0.0,180,6,3
204,medium,PASS,12.87,240.4,43.3,0.0,180,8,1
205,medium,PASS,15.489,278.1,53.7,0.0,180,8,2
206,medium,PASS,16.385,302.1,55.9,0.0,180,8,3
207,medium,PASS,11.749,207.9,40.9,0.0011,180,10,1
208,medium,PASS,14.261,253.6,49.4,0.0,180,10,2
209,medium,PASS,15.134,272.0,52.6,0.0,180,10,3
210,medium,PASS,11.646,207.9,41.0,0.0019,192,6,1
211,medium,PASS,14.002,258.7,49.3,0.0,192,6,2
212,medium,PASS,14.943,264.9,52.1,0.0,192,6,3
213,medium,PASS,12.934,234.2,46.4,0.0,192,8,1
214,medium,PASS,16.434,292.4,56.2,0.0,192,8,3
215,medium,PASS,11.532,209.4,40.3,0.0034,192,10,1
216,medium,PASS,14.247,256.0,49.1,0.0,192,10,2
217,medium,PASS,15.261,269.4,51.5,0.0,192,10,3
218,medium,PASS,11.25,205.6,40.4,0.0106,204,6,1
219,medium,PASS,14.166,249.9,49.0,0.0,204,6,2
220,medium,PASS,15.088,264.7,52.4,0.0,204,6,3
221,medium,PASS,12.574,223.2,45.5,0.0,204,8,1
222,medium,PASS,15.397,273.2,54.1,0.0,204,8,2
223,medium,PASS,16.289,302.3,57.7,0.0,204,8,3
224,medium,PASS,11.298,201.7,39.8,0.0089,204,10,1
225,medium,PASS,14.292,250.4,50.0,0.0,204,10,2
226,medium,PASS,14.807,271.9,49.8,0.0,204,10,3
227,medium,PASS,14.158,250.0,50.3,0.0,180,6,4
228,medium,PASS,11.175,200.1,40.7,0.0137,180,6,5
229,medium,PASS,15.422,283.2,54.5,0.0,180,8,4
230,medium,PASS,12.992,232.6,44.5,0.0,180,8,5
231,medium,PASS,14.214,247.9,50.5,0.0,180,10,4
232,medium,PASS,11.658,207.9,40.2,0.0018,180,10,5
233,medium,PASS,13.801,257.2,48.6,0.0,192,6,4
234,medium,PASS,11.529,207.4,41.2,0.0034,192,6,5
235,medium,PASS,12.707,231.0,43.3,0.0,192,8,5
236,medium,PASS,14.185,250.1,47.8,0.0,192,10,4
237,medium,PASS,11.433,207.3,40.2,0.0052,192,10,5
238,medium,PASS,13.977,260.5,48.9,0.0,204,6,4
239,medium,PASS,11.316,208.7,41.6,0.0084,204,6,5
240,medium,PASS,15.589,275.3,52.5,0.0,204,8,4
241,medium,PASS,12.588,231.3,44.8,0.0,204,8,5
242,medium,PASS,13.971,254.2,48.2,0.0,204,10,4
243,medium,PASS,11.367,208.2,41.5,0.0069,204,10,5
244,medium,PASS,13.752,247.1,49.8,0.0,148,6,4
245,medium,PASS,11.35,201.8,39.9,0.0073,148,6,5
246,medium,PASS,15.483,274.4,54.5,0.0,148,8,4
247,medium,PASS,12.573,227.9,43.9,0.0,148,8,5
248,medium,PASS,14.072,247.5,47.1,0.0,148,10,4
249,medium,PASS,11.032,203.4,38.4,0.021,148,10,5
250,medium,PASS,14.044,250.7,48.7,0.0,160,6,4
251,medium,PASS,11.385,205.8,38.9,0.0064,160,6,5
252,medium,PASS,12.627,231.2,44.7,0.0,160,8,5
253,medium,PASS,14.083,257.0,48.8,0.0,160,10,4
254,medium,PASS,11.244,200.9,38.7,0.0109,160,10,5
255,medium,PASS,14.086,258.3,49.3,0.0,172,6,4
256,medium,PASS,11.633,204.0,40.1,0.002,172,6,5
257,medium,PASS,15.582,274.2,53.6,0.0,172,8,4
258,medium,PASS,12.751,225.6,45.3,0.0,172,8,5
259,medium,PASS,14.037,253.0,47.5,0.0,172,10,4
260,medium,PASS,11.734,201.7,41.6,0.0012,172,10,5
261,medium,PASS,14.813,261.8,53.3,0.0,212,6,3
262,medium,PASS,14.044,247.9,48.0,0.0,212,6,4
263,medium,PASS,11.176,207.1,38.2,0.0136,212,6,5
264,medium,PASS,16.421,298.8,57.6,0.0,212,8,3
265,medium,PASS,15.28,274.2,54.9,0.0,212,8,4
266,medium,PASS,12.553,221.0,43.6,0.0,212,8,5
267,medium,PASS,14.961,272.2,52.8,0.0,212,10,3
268,medium,PASS,13.995,251.2,48.6,0.0,212,10,4
269,medium,PASS,11.225,204.4,40.8,0.0116,212,10,5
270,medium,PASS,14.52,261.9,51.1,0.0,224,6,3
271,medium,PASS,13.572,242.2,46.7,0.0,224,6,4
272,medium,PASS,10.997,194.6,37.7,0.0232,224,6,5
273,medium,PASS,16.125,291.3,56.2,0.0,224,8,3
274,medium,PASS,12.225,218.6,43.3,0.0,224,8,5
275,medium,PASS,14.741,258.2,51.7,0.0,224,10,3
276,medium,PASS,13.476,247.8,46.6,0.0,224,10,4
277,medium,PASS,10.717,189.6,39.4,0.045,224,10,5
278,medium,PASS,14.167,253.8,50.0,0.0,236,6,3
279,medium,PASS,13.524,239.1,44.6,0.0,236,6,4
280,medium,PASS,10.468,197.6,36.9,0.0709,236,6,5
281,medium,PASS,15.752,275.8,56.5,0.0,236,8,3
282,medium,PASS,14.631,262.1,50.9,0.0,236,8,4
283,medium,PASS,12.05,213.9,42.4,0.0001,236,8,5
284,medium,PASS,14.136,262.1,49.2,0.0,236,10,3
285,medium,PASS,13.336,236.8,45.9,0.0,236,10,4
286,medium,PASS,10.588,187.6,37.4,0.0578,236,10,5
287,fine,PASS,15.439,270.2,55.2,0.0,186,7,2
288,fine,PASS,16.339,286.3,57.1,0.0,186,7,3
289,fine,PASS,15.413,275.0,53.6,0.0,186,7,4
290,fine,PASS,15.72,277.9,54.7,0.0,186,8,2
291,fine,PASS,16.589,298.8,58.4,0.0,186,8,3
292,fine,PASS,15.447,285.8,54.4,0.0,186,8,4
293,fine,PASS,15.223,275.4,54.4,0.0,186,9,2
294,fine,PASS,16.108,295.7,57.2,0.0,186,9,3
295,fine,PASS,15.457,279.0,53.1,0.0,186,9,4
296,fine,PASS,15.216,275.4,52.5,0.0,192,7,2
297,fine,PASS,16.112,288.2,55.0,0.0,192,7,3
298,fine,PASS,15.346,272.5,53.1,0.0,192,7,4
299,fine,PASS,15.086,275.0,51.0,0.0,192,9,2
300,fine,PASS,16.04,290.0,56.8,0.0,192,9,3
301,fine,PASS,15.165,267.9,54.1,0.0,192,9,4
302,fine,PASS,15.045,266.2,53.8,0.0,198,7,2
303,fine,PASS,16.091,298.6,55.6,0.0,198,7,3
304,fine,PASS,14.966,272.9,54.0,0.0,198,7,4
305,fine,PASS,15.863,276.4,55.6,0.0,198,8,2
306,fine,PASS,16.187,294.7,58.1,0.0,198,8,3
307,fine,PASS,15.577,275.0,54.9,0.0,198,8,4
308,fine,PASS,15.071,272.3,53.1,0.0,198,9,2
309,fine,PASS,16.099,290.2,56.1,0.0,198,9,3
310,fine,PASS,15.077,272.1,53.5,0.0,198,9,4
